@odata.etag,Title,field_1,field_2,field_3,field_4,field_5,field_6,field_10,field_11,LinkTitle,id,ContentType,Modified,Created,AuthorLookupId,EditorLookupId,_UIVersionString,Attachments,Edit,LinkTitleNoMenu,ItemChildCount,FolderChildCount,_ComplianceFlags,_ComplianceTag,_ComplianceTagWrittenTime,_ComplianceTagUserId,AppAuthorLookupId,AppEditorLookupId,field_7,field_8,field_9,field_13,field_12,FundingOpportunityLink,DeadlineChanged,PlannerTaskAssigned
"""5807ef16-e3ab-4192-be4b-d8daa7c4c162,1""",A Learning Focused Evaluation of UNICEF Uganda’s Preparedness and Response to the L2 Ebola Emergency,No Go,Rasha Hamra,UNICEF ESARO,Uganda,Open bid ,2023-02-06T22:00:00Z,Research & Design ,Public Health ,A Learning Focused Evaluation of UNICEF Uganda’s Preparedness and Response to the L2 Ebola Emergency,5,Item,2025-01-16T10:31:13Z,2025-01-16T10:31:13Z,10,10,1.0,False,,A Learning Focused Evaluation of UNICEF Uganda’s Preparedness and Response to the L2 Ebola Emergency,0,0,,,,,5,5,,,,,,,,
"""dd7e8139-a542-4635-913b-2d44432de9a1,1""",Bebnine WASH Assessment in Lebanon,No Go,Yara Issa,UNICEF Lebanon,Lebanon ,LTA ,2024-04-17T21:00:00Z,Research & Design ,WASH ,Bebnine WASH Assessment in Lebanon,6,Item,2025-01-16T10:31:14Z,2025-01-16T10:31:14Z,10,10,1.0,False,,Bebnine WASH Assessment in Lebanon,0,0,,,,,5,5,2024-04-11T21:00:00Z,2024-04-11T21:00:00Z,,,,,,
"""5c495a4e-9e0d-4601-8843-a2d2f844982b,1""","Consultancy Service to support to the Emergency Management Service (EMS) to Develop Training Programmes, Strengthen EMS Capacities and Enhance Voluntarism in Georgia",No Go,Yara Issa,WHO HQ,Georgia,Open bid ,,Capacity Building & Training,EMS,"Consultancy Service to support to the Emergency Management Service (EMS) to Develop Training Programmes, Strengthen EMS Capacities and Enhance Voluntarism in Georgia",7,Item,2025-01-16T10:31:16Z,2025-01-16T10:31:16Z,10,10,1.0,False,,"Consultancy Service to support to the Emergency Management Service (EMS) to Develop Training Programmes, Strengthen EMS Capacities and Enhance Voluntarism in Georgia",0,0,,,,,5,5,,,,,,,,
"""d3e7fceb-3e2e-4f3a-9d20-55949283661d,1""",Consultancy to Conduct a Survey to Track Indicator Data for the UN Women Kenya Country Office Strategic Note ,No Go,Racha Said,UN-Women,Kenya,Open bid ,,Research & Design ,Public Health ,Consultancy to Conduct a Survey to Track Indicator Data for the UN Women Kenya Country Office Strategic Note ,8,Item,2025-01-16T10:31:17Z,2025-01-16T10:31:17Z,10,10,1.0,False,,Consultancy to Conduct a Survey to Track Indicator Data for the UN Women Kenya Country Office Strategic Note ,0,0,,,,,5,5,,,,,,,,
"""004f1f9c-4214-480c-a9bf-b94eaaede74e,1""",Creating Training and Employment opportunities for Palestine Refugee Youth in Lebanon,No Go,Yara Issa,UNRWA Lebanon,Lebanon ,Open bid ,2024-10-10T21:00:00Z,Research & Design ,,Creating Training and Employment opportunities for Palestine Refugee Youth in Lebanon,9,Item,2025-01-16T10:31:18Z,2025-01-16T10:31:18Z,10,10,1.0,False,,Creating Training and Employment opportunities for Palestine Refugee Youth in Lebanon,0,0,,,,,5,5,2024-09-21T21:00:00Z,2024-09-22T21:00:00Z,,,,,,
"""adb15644-6941-4df5-8291-a7ce65009fb5,1""",Development and implementation of a communication campaign for the New Automated Business Registry System (ABRS).,No Go,Yara Issa,DAI ,Palestine ,Open bid ,2024-09-11T21:00:00Z,Intervention - Communication,PH - Communication,Development and implementation of a communication campaign for the New Automated Business Registry System (ABRS).,10,Item,2025-01-16T10:31:19Z,2025-01-16T10:31:19Z,10,10,1.0,False,,Development and implementation of a communication campaign for the New Automated Business Registry System (ABRS).,0,0,,,,,5,5,,2024-08-24T21:00:00Z,,,,,,
"""540088ce-114e-4a9c-9303-d99ef818ced1,1""",EMDAD Initiative,No Go,Racha Said,"ILO, RPS MENA",Lebanon ,Open bid ,2023-04-19T21:00:00Z,,,EMDAD Initiative,11,Item,2025-01-16T10:31:20Z,2025-01-16T10:31:20Z,10,10,1.0,False,,EMDAD Initiative,0,0,,,,,5,5,,,,,,,,
"""d845d2a6-c143-40bb-a119-59870e5575af,1""",Evaluation of the CASH For Education (2021-2023),No Go,Racha Said,UNICEF Lebanon,Lebanon ,LTA ,2023-08-10T21:00:00Z,Research & Design ,,Evaluation of the CASH For Education (2021-2023),12,Item,2025-01-16T10:31:22Z,2025-01-16T10:31:22Z,10,10,1.0,False,,Evaluation of the CASH For Education (2021-2023),0,0,,,,,5,5,,,,,,,,
"""27e30917-aed5-431b-9b06-be77f9e61076,1""","Formative evaluation of UNICEF Jordan Syrian Refugee Humanitarian Response, commissioned by UNICEF Jordan Country Office",No Go,,UNICEF Jordan ,Jordan ,LTA ,2024-05-09T21:00:00Z,Research & Design ,Public Health ,"Formative evaluation of UNICEF Jordan Syrian Refugee Humanitarian Response, commissioned by UNICEF Jordan Country Office",13,Item,2025-01-16T10:31:23Z,2025-01-16T10:31:23Z,10,10,1.0,False,,"Formative evaluation of UNICEF Jordan Syrian Refugee Humanitarian Response, commissioned by UNICEF Jordan Country Office",0,0,,,,,5,5,,2024-05-06T21:00:00Z,,,,,,
"""fe6e5fc9-702d-4ac8-a52a-b17215c9ba56,1""",Gender Mapping for the Association of Lebanese industrialist members,No Go,Rasha Hamra,ILO,Lebanon ,Open bid ,2023-02-27T22:00:00Z,Research & Design ,Gender,Gender Mapping for the Association of Lebanese industrialist members,14,Item,2025-01-16T10:31:24Z,2025-01-16T10:31:24Z,10,10,1.0,False,,Gender Mapping for the Association of Lebanese industrialist members,0,0,,,,,5,5,,,,,,,,
"""e212b6d1-6d6e-4363-a0d1-d5291d2e642b,1""",Innovative Health Practices - Agency for international development ,No Go,Ghada Maisery ,USAID ,Regional,Open bid ,,Intervention,Public Health ,Innovative Health Practices - Agency for international development ,15,Item,2025-01-16T10:31:25Z,2025-01-16T10:31:25Z,10,10,1.0,False,,Innovative Health Practices - Agency for international development ,0,0,,,,,5,5,,,,,,,,
"""b18d407c-6b43-4956-b67a-c9b03261f96e,1""",Long Term Agreement for the  Prevention of Childhood Overweight and Obesity,No Go,Yara Issa,UNICEF HQ,Global ,Open bid ,2024-11-05T22:00:00Z,Research & Design ,Public Health ,Long Term Agreement for the  Prevention of Childhood Overweight and Obesity,16,Item,2025-01-16T10:31:27Z,2025-01-16T10:31:27Z,10,10,1.0,False,,Long Term Agreement for the  Prevention of Childhood Overweight and Obesity,0,0,,,,,5,5,2024-10-03T21:00:00Z,2024-10-05T21:00:00Z,,,,,,
"""19ce46e5-91d4-4484-9291-a1938365ad3f,1""",Long-term PHC subsidization Protocol (LPSP) Training,No Go,Yara Issa,IOCC ,Lebanon ,Open bid ,2024-09-25T21:00:00Z,Capacity Building & Training,Public Health ,Long-term PHC subsidization Protocol (LPSP) Training,17,Item,2025-01-16T10:31:28Z,2025-01-16T10:31:28Z,10,10,1.0,False,,Long-term PHC subsidization Protocol (LPSP) Training,0,0,,,,,5,5,2024-09-15T21:00:00Z,2024-09-19T21:00:00Z,2024-09-25T21:00:00Z,,,,,
"""60995007-a230-4f60-9f0f-17df29e68bf0,1""",Media for WASH initiative.,No Go,Diane Abi Chedid,UNCIEF Syria,Syria ,Open bid ,2024-09-20T21:00:00Z,Intervention - Communication,PH - Communication,Media for WASH initiative.,18,Item,2025-01-16T10:31:30Z,2025-01-16T10:31:30Z,10,10,1.0,False,,Media for WASH initiative.,0,0,,,,,5,5,2024-08-21T21:00:00Z,2024-08-24T21:00:00Z,,,,,,
"""acaf765f-71f8-4e3e-8a81-f26b021c15a7,1""",Monitoring of Learning Recovery Teacher Training – Phase 4,No Go,Racha Said,UNICEF Lebanon,Lebanon ,Open bid ,2023-05-10T21:00:00Z,Research & Design ,Education ,Monitoring of Learning Recovery Teacher Training – Phase 4,19,Item,2025-01-16T10:31:31Z,2025-01-16T10:31:31Z,10,10,1.0,False,,Monitoring of Learning Recovery Teacher Training – Phase 4,0,0,,,,,5,5,,,,,,,,
"""02efea39-340f-411a-8b0a-31d7a8df5502,1""",NORAD Project Evaluation Consultancy,No Go,Yara Issa,Norwegian People Aid ,Lebanon ,Open bid ,2024-09-12T21:00:00Z,Research & Design ,Governance ,NORAD Project Evaluation Consultancy,20,Item,2025-01-16T10:31:32Z,2025-01-16T10:31:32Z,10,10,1.0,False,,NORAD Project Evaluation Consultancy,0,0,,,,,5,5,,2024-08-24T21:00:00Z,,Not in our scope ,,,,
"""80d4caee-b315-4683-9cdb-655873b67244,1""",Opportunities to Advance Women's Health Innovation,No Go,Ghada Maisery ,Bill & Melinda Gates ,Regional,Open bid ,2023-12-05T22:00:00Z,Intervention,Public Health ,Opportunities to Advance Women's Health Innovation,21,Item,2025-01-16T10:31:33Z,2025-01-16T10:31:33Z,10,10,1.0,False,,Opportunities to Advance Women's Health Innovation,0,0,,,,,5,5,2023-10-07T21:00:00Z,2023-10-10T21:00:00Z,,,,,,
"""f3cd18a2-eec5-4718-b26c-d2af2cde714d,1""",RFP on resource mobilization,No Go,Yara Issa,UNOPS ,Global ,Open bid ,2023-10-12T21:00:00Z,Research & Design ,,RFP on resource mobilization,22,Item,2025-01-16T10:31:34Z,2025-01-16T10:31:34Z,10,10,1.0,False,,RFP on resource mobilization,0,0,,,,,5,5,,,,Veryshort deadline,,,,
"""fcc95e4d-8a7f-4587-8a87-6bfb47951dc7,1""",Scoping review of evidence on cost and/or cost-effectiveness of behaviour change  interventions,No Go,Racha Said,WHO HQ,Global ,Open bid ,2024-09-17T21:00:00Z,Research & Design ,Public Health ,Scoping review of evidence on cost and/or cost-effectiveness of behaviour change  interventions,23,Item,2025-01-16T10:31:36Z,2025-01-16T10:31:36Z,10,10,1.0,False,,Scoping review of evidence on cost and/or cost-effectiveness of behaviour change  interventions,0,0,,,,,5,5,2024-08-21T21:00:00Z,2024-08-26T21:00:00Z,,,,,,
"""8ee95c4e-d25f-40ca-9707-f9b59c2cd34c,1""",Street connected children in Lebanon: Profile and numbers,No Go,Racha Said,UNICEF Lebanon,Lebanon ,LTA ,2023-06-20T21:00:00Z,Research & Design ,,Street connected children in Lebanon: Profile and numbers,24,Item,2025-01-16T10:31:37Z,2025-01-16T10:31:37Z,10,10,1.0,False,,Street connected children in Lebanon: Profile and numbers,0,0,,,,,5,5,,,,,,,,
"""5254721c-101b-4bb8-ae34-378b8d22e775,1""",Study to measure outcomes of the youth and adolescent program in Makani centers,No Go,Yara Issa,UNICEF Lebanon,Lebanon ,LTA ,2024-06-18T21:00:00Z,Research & Design ,All,Study to measure outcomes of the youth and adolescent program in Makani centers,25,Item,2025-01-16T10:31:38Z,2025-01-16T10:31:38Z,10,10,1.0,False,,Study to measure outcomes of the youth and adolescent program in Makani centers,0,0,,,,,5,5,2024-06-11T21:00:00Z,2024-06-11T21:00:00Z,2024-06-14T21:00:00Z,,,,,
"""cd01e91b-c9ad-474a-92fb-e45d204450e4,1""",The OPEC fund for international development ,No Go,Ghada Maisery ,OPEC,Regional,Open bid ,,Research & Design ,All,The OPEC fund for international development ,26,Item,2025-01-16T10:31:39Z,2025-01-16T10:31:39Z,10,10,1.0,False,,The OPEC fund for international development ,0,0,,,,,5,5,,,,,,,,
"""1f5260c6-9004-4bc1-a25e-4e1a58044f6f,1""",TPM for CERD Roll-out Trainings,No Go,,UNICEF Lebanon,Lebanon ,LTA ,2024-06-12T21:00:00Z,Monitoring ,Education ,TPM for CERD Roll-out Trainings,27,Item,2025-01-16T10:31:40Z,2025-01-16T10:31:40Z,10,10,1.0,False,,TPM for CERD Roll-out Trainings,0,0,,,,,5,5,2024-06-06T21:00:00Z,2024-06-06T21:00:00Z,,,,,,
"""ea0e17bd-5bc6-4137-8255-79dd87110579,1""","UNICEF Venture Fund Call for Frontier Technology Applications for Strengthening Systems for Health, Nutrition and Mental Health and Psychosocial Support",No Go,Ghada Maisery ,UNICEF HQ,Regional,Open bid ,2023-10-19T21:00:00Z,Intervention,Public Health ,"UNICEF Venture Fund Call for Frontier Technology Applications for Strengthening Systems for Health, Nutrition and Mental Health and Psychosocial Support",28,Item,2025-01-16T10:31:41Z,2025-01-16T10:31:41Z,10,10,1.0,False,,"UNICEF Venture Fund Call for Frontier Technology Applications for Strengthening Systems for Health, Nutrition and Mental Health and Psychosocial Support",0,0,,,,,5,5,,,,,,,,
"""bb9f2660-fe7b-4320-8a06-593a6cabea23,1""",Vulnerability Assessment E- application ,No Go,Yara Issa,UNHABITAT ,Lebanon ,Open bid ,2024-04-24T21:00:00Z,Intervention,Software Deverlopment ,Vulnerability Assessment E- application ,29,Item,2025-01-16T10:31:42Z,2025-01-16T10:31:42Z,10,10,1.0,False,,Vulnerability Assessment E- application ,0,0,,,,,5,5,2024-04-14T21:00:00Z,2024-04-14T21:00:00Z,,Out of our scope of work ,,,,
"""d9735963-7dde-46c4-8623-2eeee032dc4d,1""","WHO-Systematic Review - Review and evidence synthesis of data needed to estimate the global burden of disease caused by foodborne exposure to cadmium, methylmercury, arsenic and lead",No Go,Rasha Hamra,WHO HQ,Global ,Open bid ,2023-07-20T21:00:00Z,Research & Design ,Public Health ,"WHO-Systematic Review - Review and evidence synthesis of data needed to estimate the global burden of disease caused by foodborne exposure to cadmium, methylmercury, arsenic and lead",30,Item,2025-01-16T10:31:44Z,2025-01-16T10:31:44Z,10,10,1.0,False,,"WHO-Systematic Review - Review and evidence synthesis of data needed to estimate the global burden of disease caused by foodborne exposure to cadmium, methylmercury, arsenic and lead",0,0,,,,,5,5,,,,,,,,
"""530eec54-0a86-41cc-82c4-d4f792a72f21,1""",CIVIE Extra Fund,Obtained,Yara Issa,CDC/GHD,,,,,,CIVIE Extra Fund,31,Item,2025-01-16T10:31:45Z,2025-01-16T10:31:45Z,10,10,1.0,False,,CIVIE Extra Fund,0,0,,,,,5,5,,,,,,,,
"""19ac8e3a-3179-4a5e-94d1-66af709092fa,1""",CIVIE II ,Obtained,Ziad Mansour ,GHD ,Lebanon ,Negociated Grant ,,Intervention,Public Health ,CIVIE II ,32,Item,2025-01-16T10:31:46Z,2025-01-16T10:31:46Z,10,10,1.0,False,,CIVIE II ,0,0,,,,,5,5,,,,,CDC,,,
"""44febd98-2d0f-4a3c-bc72-ea7a8c0b8d19,1""",Conducting the Post Distribution and Outcome Monitoring (PDOM) exercise for the National Disability Allowance,Obtained,Yara Issa,UNICEF Lebanon,Lebanon ,LTA ,2024-04-19T21:00:00Z,Research & Design ,Socio economical studies,Conducting the Post Distribution and Outcome Monitoring (PDOM) exercise for the National Disability Allowance,33,Item,2025-01-16T10:31:47Z,2025-01-16T10:31:47Z,10,10,1.0,False,,Conducting the Post Distribution and Outcome Monitoring (PDOM) exercise for the National Disability Allowance,0,0,,,,,5,5,2024-04-14T21:00:00Z,2024-04-14T21:00:00Z,,,,,,
"""48c301cb-1ccc-428d-9112-6310159ed819,1""",EPI Syria ,Obtained,Ziad Mansour ,WHO EMRO,Regional,Direct ,,,,EPI Syria ,34,Item,2025-01-16T10:31:48Z,2025-01-16T10:31:48Z,10,10,1.0,False,,EPI Syria ,0,0,,,,,5,5,,,,,,,,
"""d4c6b9f1-83f2-4c3c-96f9-8bdc4e2f3d63,1""",IBBS,Obtained,Ziad Mansour ,WHO EMRO,Lebanon ,Open bid ,,Research & Design ,Public Health ,IBBS,35,Item,2025-01-16T10:31:49Z,2025-01-16T10:31:49Z,10,10,1.0,False,,IBBS,0,0,,,,,5,5,,,,,,,,
"""7dcf9102-071b-49c2-9783-d6e2803e3e8b,1""",Implementation of a national household survey for Noncommunicable Disease Surveillance (NCD STEPwise Survey) in Lebanon,Obtained,Racha Said,WHO-Lebanon Country Office,Lebanon ,Open bid ,2022-09-09T21:00:00Z,Research & Design ,Public Health ,Implementation of a national household survey for Noncommunicable Disease Surveillance (NCD STEPwise Survey) in Lebanon,36,Item,2025-01-16T10:31:50Z,2025-01-16T10:31:50Z,10,10,1.0,False,,Implementation of a national household survey for Noncommunicable Disease Surveillance (NCD STEPwise Survey) in Lebanon,0,0,,,,,5,5,2022-08-17T21:00:00Z,2022-09-09T21:00:00Z,2022-09-08T21:00:00Z,,"MoPH, WHO",,,
"""1078b07b-b82c-4e1b-aebd-ce72d05be7c1,1""",Maternal and New-born Health Quality of Care ,Obtained,Yara Issa,UNICEF Regional ,Regional,LTA ,2023-09-10T21:00:00Z,Research & Design ,Public Health ,Maternal and New-born Health Quality of Care ,37,Item,2025-01-16T10:31:52Z,2025-01-16T10:31:52Z,10,10,1.0,False,,Maternal and New-born Health Quality of Care ,0,0,,,,,5,5,2023-08-27T21:00:00Z,2023-08-27T21:00:00Z,2023-09-09T21:00:00Z,,,,,
"""af6d1dfe-ec7d-493b-81c7-bfee7169f58e,1""",Multidimensional Child Poverty: A Qualitative Overview,Obtained,Antea ENNA,UNICEF Lebanon,Lebanon ,LTA ,2024-04-17T21:00:00Z,Research & Design ,Social studies,Multidimensional Child Poverty: A Qualitative Overview,38,Item,2025-01-16T10:31:53Z,2025-01-16T10:31:53Z,10,10,1.0,False,,Multidimensional Child Poverty: A Qualitative Overview,0,0,,,,,5,5,2024-04-10T21:00:00Z,2024-04-11T21:00:00Z,,,,,,
"""c4f4279d-dd4d-4a52-9605-29f3f2df4c12,1""",Systems Analysis Lebanon Health System ,Obtained,Ziad Mansour ,GOAL/CRD,Lebanon ,Negociated Activity  ,,Research & Design ,Public Health ,Systems Analysis Lebanon Health System ,39,Item,2025-01-16T10:31:54Z,2025-01-16T10:31:54Z,10,10,1.0,False,,Systems Analysis Lebanon Health System ,0,0,,,,,5,5,,,,,GOAL,,,
"""79f082eb-ff23-4ca5-af23-c1733be84496,1""",Waterborne Diseases,Obtained,Yara Issa,UCFA ,Lebanon ,Negociated Grant ,,Intervention,Public Health ,Waterborne Diseases,40,Item,2025-01-16T10:31:55Z,2025-01-16T10:31:55Z,10,10,1.0,False,,Waterborne Diseases,0,0,,,,,5,5,,,2023-09-27T21:00:00Z,,UCFA - CDC ,,,
"""4546501e-a7e2-460b-a6ad-7cb3f15c8518,1""",Lebanon Humanitarian Fund,On hold,Yara Issa,OCHA,Lebanon ,Open bid ,2024-09-01T21:00:00Z,All,Public Health ,Lebanon Humanitarian Fund,41,Item,2025-01-16T10:31:56Z,2025-01-16T10:31:56Z,10,10,1.0,False,,Lebanon Humanitarian Fund,0,0,,,,,5,5,2024-08-25T21:00:00Z,2024-08-25T21:00:00Z,2024-08-28T21:00:00Z,,,,,
"""97c8e0f9-a109-4194-b030-e68f098ca53d,2""",Avsi Expression of Interest AVSI/SYR/Suppliers Prequalification/89/2024,Submitted,Yara Issa,AVSI ,Syria ,Open bid ,2024-10-19T21:00:00Z,All,Public Health ,Avsi Expression of Interest AVSI/SYR/Suppliers Prequalification/89/2024,42,Item,2025-03-11T12:00:23Z,2025-01-16T10:31:58Z,10,13,2.0,False,,Avsi Expression of Interest AVSI/SYR/Suppliers Prequalification/89/2024,0,0,,,,,5,,2024-09-19T21:00:00Z,2024-09-19T21:00:00Z,,,,,,
"""41beb377-eeb7-4ae3-af34-4d8d3b979a88,1""",Bill & Melinda Gates Foundation :Closing Immunization Gaps in Lebanon: A Collaborative Learning Endeavor to Explore 9-Months (& beyond) Touchpoint Challenges and Barriers ,Rejected,Rasha Hamra,Bill & Melinda Gates ,Lebanon ,Open bid ,2023-08-08T21:00:00Z,Research & Design ,Public Health ,Bill & Melinda Gates Foundation :Closing Immunization Gaps in Lebanon: A Collaborative Learning Endeavor to Explore 9-Months (& beyond) Touchpoint Challenges and Barriers ,43,Item,2025-01-16T10:31:59Z,2025-01-16T10:31:59Z,10,10,1.0,False,,Bill & Melinda Gates Foundation :Closing Immunization Gaps in Lebanon: A Collaborative Learning Endeavor to Explore 9-Months (& beyond) Touchpoint Challenges and Barriers ,0,0,,,,,5,5,,,2023-08-08T21:00:00Z,,,,,
"""c63596e1-7879-421f-a1fd-f73a18ce023d,1""",Development of a Research Brief on the feasibility of measuring unmet needs for healthcare and social care in the WHO Eastern Mediterranean Region,Rejected,Racha Said,WHO EMRO,Regional,Open bid ,2024-03-19T22:00:00Z,Research & Design ,Public Health ,Development of a Research Brief on the feasibility of measuring unmet needs for healthcare and social care in the WHO Eastern Mediterranean Region,44,Item,2025-01-16T10:32:01Z,2025-01-16T10:32:01Z,10,10,1.0,False,,Development of a Research Brief on the feasibility of measuring unmet needs for healthcare and social care in the WHO Eastern Mediterranean Region,0,0,,,,,5,5,2024-02-19T22:00:00Z,,2024-03-19T22:00:00Z,,,,,
"""aed401fc-d956-417b-af0f-5de32da34858,1""",Development of a Research Brief on the feasibility of measuring unmet needs for healthcare and social care in the WHO Eastern Mediterranean Region,Rejected,Yara Issa,WHO EMRO,,,,,,Development of a Research Brief on the feasibility of measuring unmet needs for healthcare and social care in the WHO Eastern Mediterranean Region,45,Item,2025-01-16T10:32:02Z,2025-01-16T10:32:02Z,10,10,1.0,False,,Development of a Research Brief on the feasibility of measuring unmet needs for healthcare and social care in the WHO Eastern Mediterranean Region,0,0,,,,,5,5,,,,,,,,
"""45f24183-46ff-4004-80c7-eb3bde333621,1""",Enhancing Health Outcomes: SBC-CE Strategies for PHCC-led Community Health ,Rejected,Racha Said,UNICEF Lebanon,Lebanon ,Open bid ,2024-07-04T21:00:00Z,Research & Design ,Public Health ,Enhancing Health Outcomes: SBC-CE Strategies for PHCC-led Community Health ,46,Item,2025-01-16T10:32:03Z,2025-01-16T10:32:03Z,10,10,1.0,False,,Enhancing Health Outcomes: SBC-CE Strategies for PHCC-led Community Health ,0,0,,,,,5,5,2024-06-21T21:00:00Z,2024-06-25T21:00:00Z,2024-07-02T21:00:00Z,Eligibility issue - email sent,,,,
"""1cb2b2e5-8db6-4c63-bd2e-65d4ece91bea,1""",Establishment for Institutional Long-Term Arrangements (LTAS) for Effective Vaccine EVM,Rejected,Racha Said,UNICEF HQ,Regional,Open bid ,2024-06-06T21:00:00Z,Intervention,Public Health ,Establishment for Institutional Long-Term Arrangements (LTAS) for Effective Vaccine EVM,47,Item,2025-01-16T10:32:04Z,2025-01-16T10:32:04Z,10,10,1.0,False,,Establishment for Institutional Long-Term Arrangements (LTAS) for Effective Vaccine EVM,0,0,,,,,5,5,2024-05-05T21:00:00Z,2024-05-07T21:00:00Z,2024-06-05T21:00:00Z,,,,,
"""102349c4-92c7-4974-b75d-f80ac5a1443e,1""","EU programme in support of Primary Health Care in Lebanon:""Skills4Health: Empowering Primary Healthcare through Targeted Training and Capacity Development""",Rejected,Rasha Hamra,EU Lebanon,Lebanon ,Open bid ,2023-06-22T21:00:00Z,Capacity Building & Training,Public Health ,"EU programme in support of Primary Health Care in Lebanon:""Skills4Health: Empowering Primary Healthcare through Targeted Training and Capacity Development""",48,Item,2025-01-16T10:32:05Z,2025-01-16T10:32:05Z,10,10,1.0,False,,"EU programme in support of Primary Health Care in Lebanon:""Skills4Health: Empowering Primary Healthcare through Targeted Training and Capacity Development""",0,0,,,,,5,5,,,2023-06-19T21:00:00Z,Disqualified due to the absence of Partners,"MoPH, WHO",,,
"""46abac75-26b8-4b3f-b846-6d0a61eaac27,1""",Human Centered Design research to understand drivers and barriers for vaccines demand and uptake in Libya,Rejected,Nicholas Odhiambo,UNICEF Libya,Libya,Open bid ,2023-04-07T21:00:00Z,Research & Design ,Public Health ,Human Centered Design research to understand drivers and barriers for vaccines demand and uptake in Libya,49,Item,2025-01-16T10:32:06Z,2025-01-16T10:32:06Z,10,10,1.0,False,,Human Centered Design research to understand drivers and barriers for vaccines demand and uptake in Libya,0,0,,,,,5,5,,,2023-04-07T21:00:00Z,,,,,
"""f846cefa-da7c-4b21-9172-19a35132757b,1""",Impact of COVID-19 on the drivers of life-course vaccination and related recommendations for resilient demand,Rejected,Racha Said,WHO HQ,Global ,Open bid ,2024-07-30T21:00:00Z,Research & Design ,Public Health ,Impact of COVID-19 on the drivers of life-course vaccination and related recommendations for resilient demand,50,Item,2025-01-16T10:32:07Z,2025-01-16T10:32:07Z,10,10,1.0,False,,Impact of COVID-19 on the drivers of life-course vaccination and related recommendations for resilient demand,0,0,,,,,5,5,2024-06-18T21:00:00Z,2024-06-18T21:00:00Z,2024-07-30T21:00:00Z,,,,,
"""7b7927ae-fc52-4620-85b1-7971462f0f28,1""",IsDB call for consultancies ,Rejected,Ghada Maisery ,IsDB,Lebanon ,Open bid ,2024-02-07T22:00:00Z,Research & Design ,All,IsDB call for consultancies ,51,Item,2025-01-16T10:32:09Z,2025-01-16T10:32:09Z,10,10,1.0,False,,IsDB call for consultancies ,0,0,,,,,5,5,,,,,,,,
"""b1975a06-af37-4352-b04d-5905ac8cbb11,1""",Long Term Arrangements for (LLTS) for the Provision of Communication Services,Rejected,Yara Issa,UNICEF Jordan ,Jordan ,Open bid ,2024-06-05T21:00:00Z,Communication ,Public Health ,Long Term Arrangements for (LLTS) for the Provision of Communication Services,52,Item,2025-01-16T10:32:10Z,2025-01-16T10:32:10Z,10,10,1.0,False,,Long Term Arrangements for (LLTS) for the Provision of Communication Services,0,0,,,,,5,5,2024-05-27T21:00:00Z,2024-05-28T21:00:00Z,2024-06-04T21:00:00Z,,,,,
"""cc4b486a-0e72-4cdc-90e4-7c1cfb8857e6,1""",Post Distribution Monitoring (PDM) for the Cash for Education (CFE) program for the 2023-2024 school year. ,Rejected,Yara Issa,UNICEF Lebanon,Lebanon ,LTA ,2024-08-18T21:00:00Z,Research & Design ,Education ,Post Distribution Monitoring (PDM) for the Cash for Education (CFE) program for the 2023-2024 school year. ,53,Item,2025-01-16T10:32:11Z,2025-01-16T10:32:11Z,10,10,1.0,False,,Post Distribution Monitoring (PDM) for the Cash for Education (CFE) program for the 2023-2024 school year. ,0,0,,,,,5,5,2024-08-11T21:00:00Z,2024-08-11T21:00:00Z,2024-08-14T21:00:00Z,,,,,
"""ce9f035f-d1da-49eb-b68e-6f1218d5f4f6,1""","Provision of routine vaccination to all children from birth up till 18 years of age, through border sites, UNHCR vaccination sites and in lowest coverage districts",Rejected,Yara Issa,UNICEF Lebanon,Lebanon ,Open bid ,2024-03-14T22:00:00Z,Intervention,Public Health ,"Provision of routine vaccination to all children from birth up till 18 years of age, through border sites, UNHCR vaccination sites and in lowest coverage districts",54,Item,2025-01-16T10:32:12Z,2025-01-16T10:32:12Z,10,10,1.0,False,,"Provision of routine vaccination to all children from birth up till 18 years of age, through border sites, UNHCR vaccination sites and in lowest coverage districts",0,0,,,,,5,5,2024-02-11T22:00:00Z,2024-02-14T22:00:00Z,2024-03-13T22:00:00Z,,,,,
"""ada566e3-09e5-40a6-bda3-136c94e1a66c,1""",SDC World Bank ,Rejected,Yara Issa,World Bank ,Lebanon ,Open bid ,2024-06-20T21:00:00Z,Research & Design ,All,SDC World Bank ,55,Item,2025-01-16T10:32:13Z,2025-01-16T10:32:13Z,10,10,1.0,False,,SDC World Bank ,0,0,,,,,5,5,2024-06-15T21:00:00Z,2024-06-17T21:00:00Z,,,,,,
"""5d606a8d-99eb-4a9f-b0e9-5acd9f82f5f8,1""","Strengthening the role of key and vulnerable populations in relation to HIV, tuberculosis and / or malaria to improve their health and wellbeing",Rejected,Yara Issa,France Expertise ,Lebanon ,Open bid ,2024-01-23T22:00:00Z,Research & Design ,Public Health ,"Strengthening the role of key and vulnerable populations in relation to HIV, tuberculosis and / or malaria to improve their health and wellbeing",56,Item,2025-01-16T10:32:14Z,2025-01-16T10:32:14Z,10,10,1.0,False,,"Strengthening the role of key and vulnerable populations in relation to HIV, tuberculosis and / or malaria to improve their health and wellbeing",0,0,,,,,5,5,,,2024-01-22T22:00:00Z,,,,,
"""06019e74-0992-4bdb-ae0b-91b3bf8e55e9,1""",Support to the Ministry of Education and Higher Education of Lebanon on the Inclusive Education Programme scaling up in public schools,Rejected,Yara Issa,UNICEF Lebanon,Lebanon ,LTA ,2024-03-09T22:00:00Z,Research & Design ,Education ,Support to the Ministry of Education and Higher Education of Lebanon on the Inclusive Education Programme scaling up in public schools,57,Item,2025-01-16T10:32:15Z,2025-01-16T10:32:15Z,10,10,1.0,False,,Support to the Ministry of Education and Higher Education of Lebanon on the Inclusive Education Programme scaling up in public schools,0,0,,,,,5,5,2024-02-26T22:00:00Z,,,,,,,
"""bc590d7e-9aaa-4334-b335-9feaed37f787,1""",UNHabitat Call - Support Local Needs Analysis and Stakeholder Analysis to UN-Habitat Programme,Rejected,Yara Issa,UNHABITAT ,Syria ,LTA ,2024-02-11T22:00:00Z,Research & Design ,Social,UNHabitat Call - Support Local Needs Analysis and Stakeholder Analysis to UN-Habitat Programme,58,Item,2025-01-16T10:32:17Z,2025-01-16T10:32:17Z,10,10,1.0,False,,UNHabitat Call - Support Local Needs Analysis and Stakeholder Analysis to UN-Habitat Programme,0,0,,,,,5,5,,,2024-02-11T22:00:00Z,,,,,
"""8baa8298-577b-4a92-bbcd-d33aa1e96978,1""",UNICEF's Proposal for the Evaluation of Learning Recovery Initiative,Rejected,Yara Issa,UNICEF Lebanon,Lebanon ,LTA ,2024-03-09T22:00:00Z,Research & Design ,Education ,UNICEF's Proposal for the Evaluation of Learning Recovery Initiative,59,Item,2025-01-16T10:32:18Z,2025-01-16T10:32:18Z,10,10,1.0,False,,UNICEF's Proposal for the Evaluation of Learning Recovery Initiative,0,0,,,,,5,5,2024-02-26T22:00:00Z,,,,,,,
"""3039b454-1637-40dd-8381-5474ec67e751,1""",Vaccine Incidence Rate Sheet Development,Rejected,Yara Issa,WHO HQ,Global ,Open bid ,2023-10-19T21:00:00Z,Research & Design ,,Vaccine Incidence Rate Sheet Development,60,Item,2025-01-16T10:32:19Z,2025-01-16T10:32:19Z,10,10,1.0,False,,Vaccine Incidence Rate Sheet Development,0,0,,,,,5,5,,,2023-10-16T21:00:00Z,,,,,
"""0377a249-f046-4b8d-af0c-6af4cff45622,1""",SEA Risk Assessment ,Rejected,Yara Issa,UNICEF Lebanon,,,,,,SEA Risk Assessment ,61,Item,2025-01-16T10:32:21Z,2025-01-16T10:32:21Z,10,10,1.0,False,,SEA Risk Assessment ,0,0,,,,,5,5,,,,,,,,
"""256b2f44-28b8-400e-831d-6b2d2e754012,1""",Caritas appeal evaluation,Submitted,Yara Issa,Yara Issa,,,,,,Caritas appeal evaluation,62,Item,2025-01-16T10:32:22Z,2025-01-16T10:32:22Z,10,10,1.0,False,,Caritas appeal evaluation,0,0,,,,,5,5,,,,,,,,
"""879e5ab4-83ce-4424-953f-55da497c48e3,1""",Expression of Interest - Provision of External Evaluation Services ,Submitted,Yara Issa,Caritas Germancy ,Lebanon ,Services ,2023-10-19T21:00:00Z,Research & Design ,,Expression of Interest - Provision of External Evaluation Services ,63,Item,2025-01-16T10:32:23Z,2025-01-16T10:32:23Z,10,10,1.0,False,,Expression of Interest - Provision of External Evaluation Services ,0,0,,,,,5,5,,,2023-10-01T21:00:00Z,,Caritas - MoPH,,,
"""d8d6629a-adbe-427b-ac83-5e267bb3a9f2,1""",Flash Appeal 1 ,Submitted,Yara Issa,CDC,,,,,,Flash Appeal 1 ,64,Item,2025-01-16T10:32:24Z,2025-01-16T10:32:24Z,10,10,1.0,False,,Flash Appeal 1 ,0,0,,,,,5,5,,,,,,,,
"""34bb8cc7-1a6c-44e0-ae46-6e4f52c97748,1""",Intent to Bid - Forsa Final Evaluation ,Submitted,Yara Issa,Mercy Corps ,,,,,,Intent to Bid - Forsa Final Evaluation ,65,Item,2025-01-16T10:32:25Z,2025-01-16T10:32:25Z,10,10,1.0,False,,Intent to Bid - Forsa Final Evaluation ,0,0,,,,,5,5,,,,,,,,
"""b4b2ff6c-cc5b-48a4-8230-6a48f8d3caac,1""",Long Term Agreement for Policy Analysis and Advocacy Services to UNICEF,Submitted,Yara Issa,UNICEF Lebanon,Lebanon ,Open bid ,2024-05-08T21:00:00Z,Research & Design ,All,Long Term Agreement for Policy Analysis and Advocacy Services to UNICEF,66,Item,2025-01-16T10:32:26Z,2025-01-16T10:32:26Z,10,10,1.0,False,,Long Term Agreement for Policy Analysis and Advocacy Services to UNICEF,0,0,,,,,5,5,2024-03-11T22:00:00Z,2024-03-17T22:00:00Z,2024-05-06T21:00:00Z,,,,,
"""7fd3007e-e025-4382-a6d5-a208f20a903f,1""",Long Term Agreement for the Provision of High-Quality Technical Expertise on Child Protection,Submitted,Yara Issa,UNICEF HQ,Global ,Open bid ,2024-10-20T21:00:00Z,Research & Design ,Public Health ,Long Term Agreement for the Provision of High-Quality Technical Expertise on Child Protection,67,Item,2025-01-16T10:32:28Z,2025-01-16T10:32:28Z,10,10,1.0,False,,Long Term Agreement for the Provision of High-Quality Technical Expertise on Child Protection,0,0,,,,,5,5,2024-09-30T21:00:00Z,2024-09-30T21:00:00Z,,,Child Frontiers leadng,,,
"""3a87e738-bba8-4526-a160-e17cb1b2dca4,1""",Mercy Corps Lebanon - Partnership Expression of Interest,Submitted,Yara Issa,Mercy Corps ,Lebanon ,expression of interest ,2024-09-26T21:00:00Z,Emergency ,All,Mercy Corps Lebanon - Partnership Expression of Interest,68,Item,2025-01-16T10:32:29Z,2025-01-16T10:32:29Z,10,10,1.0,False,,Mercy Corps Lebanon - Partnership Expression of Interest,0,0,,,,,5,5,2024-08-31T21:00:00Z,2024-09-03T21:00:00Z,,,,,,
"""5ed6a910-6033-407d-b4c4-f9f0243d806f,2""",Study on the Bottom Poor and Social Assistance programs in Lebanon,Rejected,Yara Issa,NRC,,,,,,Study on the Bottom Poor and Social Assistance programs in Lebanon,69,Item,2025-02-06T09:25:58Z,2025-01-16T10:32:30Z,10,10,2.0,False,,Study on the Bottom Poor and Social Assistance programs in Lebanon,0,0,,,,,5,,,,,,,,,
"""220a6f7d-5541-49ac-8d1a-49256b617864,1""",Support of Human Rights in Lebanon 2023-2024,Submitted,Yara Issa,EU Lebanon,,,,,,Support of Human Rights in Lebanon 2023-2024,70,Item,2025-01-16T10:32:31Z,2025-01-16T10:32:31Z,10,10,1.0,False,,Support of Human Rights in Lebanon 2023-2024,0,0,,,,,5,5,,,,,,,,
"""3503a6b9-0cc0-40c9-a92c-4a6a4de4a134,1""",Third Party Monitoring Services within MENA,Submitted,Yara Issa,UNICEF Regional ,Regional,LTA ,2024-08-27T21:00:00Z,Monitoring ,All,Third Party Monitoring Services within MENA,71,Item,2025-01-16T10:32:32Z,2025-01-16T10:32:32Z,10,10,1.0,False,,Third Party Monitoring Services within MENA,0,0,,,,,5,5,2024-08-20T21:00:00Z,2024-08-20T21:00:00Z,2024-08-21T21:00:00Z,,,,,
"""01acd96c-0134-49f7-a9d7-556947543db1,1""",TPM for emergency response programmes including supply monitoring in Lebanon. ,Submitted,Yara Issa,UNICEF Lebanon,,,,,,TPM for emergency response programmes including supply monitoring in Lebanon. ,72,Item,2025-01-16T10:32:34Z,2025-01-16T10:32:34Z,10,10,1.0,False,,TPM for emergency response programmes including supply monitoring in Lebanon. ,0,0,,,,,5,5,,,,,,,,
"""e6f79837-9c85-4697-9d2c-77681c3c2142,2""",France Expertise ,No Go,Yara Issa,,,,,,,France Expertise ,73,Item,2025-02-16T16:00:05Z,2025-01-16T10:32:35Z,10,13,2.0,False,,France Expertise ,0,0,,,,,5,,,,,,,,,
"""803b2ccb-aee8-4042-9f22-9720284e635a,306""",Multistakeholder Engagement for Safe and Prosperous AI,Rejected,Racha Said,Future of Life Institute (FLI),Global,Letter of Intent,2025-02-03T22:00:00Z,Capacity Building & Training,Artificial Intelligence,Multistakeholder Engagement for Safe and Prosperous AI,86,Item,2025-02-25T05:03:35Z,2025-02-05T17:17:48Z,15,13,278.0,True,,Multistakeholder Engagement for Safe and Prosperous AI,0,0,,,,,5,5,,2025-02-02T22:00:00Z,2025-02-03T22:00:00Z,"Applicants will be informed by Tuesday, February 18, 2025 if they are invited to submit a full proposal.",,,,
"""1fba7753-e3e4-43cb-b9a3-410c55d38685,5""",Civil Registration and Vital Statistics (CRVS) and Data Use,Submitted,Racha Said,The Bloomberg Philanthropies Data for Health (D4H),Lebanon,Grant,2025-02-16T22:00:00Z,Intervention,Public Health ,Civil Registration and Vital Statistics (CRVS) and Data Use,96,Item,2025-02-19T18:58:39Z,2025-02-16T15:59:46Z,13,15,4.0,True,,Civil Registration and Vital Statistics (CRVS) and Data Use,0,0,,,,,,,,,2025-02-15T22:00:00Z,,,"{'Description': 'https://www.d4hglobalgrantsprogram.org/process', 'Url': 'https://www.d4hglobalgrantsprogram.org/process'}",,
"""50473f49-f37b-48b9-9d9a-2dd6eca037b5,9""",Global Long-Term Arrangement for Services (LTAS) for the Provision of High-Quality Technical Expertise for the development of the Situation Analysis,No Go,,UNICEF,Multiple destinations,Request for proposal,2025-03-12T22:00:00Z,,,Global Long-Term Arrangement for Services (LTAS) for the Provision of High-Quality Technical Expertise for the development of the Situation Analysis,97,Item,2025-03-03T17:19:31Z,2025-02-17T09:20:52Z,21,15,9.0,True,,Global Long-Term Arrangement for Services (LTAS) for the Provision of High-Quality Technical Expertise for the development of the Situation Analysis,0,0,,,,,6,,2025-02-13T22:00:00Z,,,,,,,
"""c25bd82c-2abe-4ab0-913f-3710fe817398,6""",Evaluation of the ESCWA Reform,No Go,,UNESCWA,Lebanon,Open Bid,2025-03-04T22:00:00Z,Monitoring,Reform,Evaluation of the ESCWA Reform,99,Item,2025-03-03T17:21:26Z,2025-02-21T14:03:46Z,15,15,6.0,True,,Evaluation of the ESCWA Reform,0,0,,,,,,,,2025-02-17T22:00:00Z,,,,,,
"""c61bafab-c411-4319-803f-f5edc58481db,3""",Request for concept notes to advance adolescent sexual and reproductive health research,Submitted,Racha Said,WHO,Global,Concept Note,2025-02-20T22:00:00Z,Research & Design,Public Health,Request for concept notes to advance adolescent sexual and reproductive health research,100,Item,2025-02-21T14:07:33Z,2025-02-21T14:06:52Z,15,15,3.0,True,,Request for concept notes to advance adolescent sexual and reproductive health research,0,0,,,,,,,2025-01-22T22:00:00Z,2025-02-02T22:00:00Z,2025-02-19T22:00:00Z,,,"{'Description': 'https://www.who.int/news-room/articles-detail/request-for-concept-notes-to-advance-adolescent-sexual-and-reproductive-health-research', 'Url': 'https://www.who.int/news-room/articles-detail/request-for-concept-notes-to-advance-adolescent-sexual-and-reproductive-health-research'}",,
"""6f9f73b5-25f5-42ab-ae11-b025dec2099d,10""",LTA for the Provision of Public Perception Survey Services,No Go,Racha Said,UNIFIL ,Lebanon,LTA,2025-03-23T21:00:00Z,Research ,Emergency ,LTA for the Provision of Public Perception Survey Services,101,Item,2025-03-17T09:23:32Z,2025-03-03T09:36:05Z,13,13,10.0,True,,LTA for the Provision of Public Perception Survey Services,0,0,,,,,5,,2025-02-27T22:00:00Z,2025-02-27T22:00:00Z,,,,,,
"""d13e88ff-dbf7-46fe-ab80-6c2c07e5fdc5,3""",Paying providers for primary care – Designing and implementing blended provider payment models,No Go,Philip Smith,WHO The Alliance for Health Policy and Systems Research,Lebanon,RFP,2025-03-10T22:00:00Z,Research ,Public Health ,Paying providers for primary care – Designing and implementing blended provider payment models,102,Item,2025-03-10T08:36:59Z,2025-03-03T09:41:58Z,13,13,3.0,False,,Paying providers for primary care – Designing and implementing blended provider payment models,0,0,,,,,5,,2025-02-10T22:00:00Z,2025-03-01T22:00:00Z,,,,"{'Description': 'https://ahpsr.who.int/docs/librariesprovider11/calls-for-proposals/year/2025/alliance-rfp-paying-proviers-primary-care.pdf?sfvrsn=b631eea9_4', 'Url': 'https://ahpsr.who.int/docs/librariesprovider11/calls-for-proposals/year/2025/alliance-rfp-paying-proviers-primary-care.pdf?sfvrsn=b631eea9_4'}",,
"""66b50ab8-3dcf-471b-96b2-ef08dacb6414,3""",Discovery Fund,Ongoing,,WELLCOME ,Lebanon,RFP,2025-07-28T21:00:00Z,Research ,Public Health ,Discovery Fund,103,Item,2025-04-09T23:52:25Z,2025-03-03T09:43:31Z,13,15,3.0,False,,Discovery Fund,0,0,,,,,5,,,2025-02-25T22:00:00Z,,,UCSF ,"{'Description': 'https://wellcome.org/grant-funding/schemes/discovery-awards', 'Url': 'https://wellcome.org/grant-funding/schemes/discovery-awards'}",,
"""6bfc0020-6147-4c81-98fa-850300b0b7a1,2""",Play Learn Thrive,Submitted,Ziad Mansour,Grand Challenges Canada/LEGO,Regional: Leb & Jordan,RFP,2025-04-23T21:00:00Z,,Public Health ,Play Learn Thrive,104,Item,2025-04-22T17:51:50Z,2025-03-03T09:47:51Z,13,15,2.0,False,,Play Learn Thrive,0,0,,,,,5,,2025-01-22T22:00:00Z,2025-02-19T22:00:00Z,,,,"{'Description': 'https://www.grandchallenges.ca/funding-opportunities/', 'Url': 'https://www.grandchallenges.ca/funding-opportunities/'}",,
"""230394f4-c87f-4751-99eb-347b1daf03ae,2""",Emerging Global Leader Award,Ongoing,Philip Smith,NIH ,Lebanon,RFP,2025-12-02T22:00:00Z,Research ,Public health ,Emerging Global Leader Award,105,Item,2025-03-03T09:52:19Z,2025-03-03T09:48:57Z,13,13,2.0,False,,Emerging Global Leader Award,0,0,,,,,5,,2025-01-02T22:00:00Z,2025-02-18T22:00:00Z,,,,"{'Description': 'https://grants.nih.gov/grants/guide/pa-files/PAR-24-295.html#_Section%20III.%20Eligibility%20Information', 'Url': 'https://grants.nih.gov/grants/guide/pa-files/PAR-24-295.html#_Section%20III.%20Eligibility%20Information'}",,
"""d06e0e40-1e71-4ff4-849e-2f4d6f6a29dc,2""",Innovation Ideas for Transition to Scale Funding,No Go,Philip Smith,Humanitarian Grand Challenegs,MENA,RFP,2025-10-29T22:00:00Z,Interventions,Public health,Innovation Ideas for Transition to Scale Funding,106,Item,2025-04-15T08:10:48Z,2025-03-03T09:54:45Z,13,13,2.0,False,,Innovation Ideas for Transition to Scale Funding,0,0,,,,,,,2025-01-13T22:00:00Z,2025-02-11T22:00:00Z,,,,"{'Description': 'https://humanitariangrandchallenge.org/tts/', 'Url': 'https://humanitariangrandchallenge.org/tts/'}",,
"""3f032980-2b54-43db-b4a5-4095c9c370f7,2""",Calls for international development projects,Ongoing,Ziad Mansour,Global Affairs Canada,Regional ,RFP,2025-09-29T21:00:00Z,Intervention,Public Health ,Calls for international development projects,107,Item,2025-03-03T09:56:15Z,2025-03-03T09:55:48Z,13,13,2.0,False,,Calls for international development projects,0,0,,,,,,,2024-12-31T22:00:00Z,2025-02-11T22:00:00Z,,,,"{'Description': 'https://www.international.gc.ca/world-monde/funding-financement/apply_funding-demande_financement.aspx?lang=eng', 'Url': 'https://www.international.gc.ca/world-monde/funding-financement/apply_funding-demande_financement.aspx?lang=eng'}",,
"""d1f7d95e-c691-47f2-87e3-614ee7eed980,6""",Expression of Interest (EOI) for Vendor Registration (2025),Submitted,Yara Issa,SAMS,Lebanon/Syria/Jordan,Call for Expression,2025-04-14T21:00:00Z,Research & M&E,,Expression of Interest (EOI) for Vendor Registration (2025),108,Item,2025-05-14T20:10:18Z,2025-03-14T06:53:45Z,13,15,5.0,True,,Expression of Interest (EOI) for Vendor Registration (2025),0,0,,,,,,,2025-03-11T22:00:00Z,2025-03-12T22:00:00Z,2025-03-13T22:00:00Z,,,"{'Description': 'https://forms.gle/jZwnNUyrB5Ectm968', 'Url': 'https://forms.gle/jZwnNUyrB5Ectm968'}",,
"""c6869e77-1548-45c7-a5d5-bb0663a678e2,7""",Call for Expression of Interest – Partnerships,Submitted,Yara Issa,Plan International ,Lebanon/Syria/Jordan,Call for Expression,2025-03-24T21:00:00Z,Research/ M&E,,Call for Expression of Interest – Partnerships,109,Item,2025-05-14T20:08:03Z,2025-03-14T06:57:00Z,13,15,6.0,True,,Call for Expression of Interest – Partnerships,0,0,,,,,,,2025-03-11T22:00:00Z,2025-03-13T22:00:00Z,2025-03-17T22:00:00Z,,,,,
"""346785f1-32c7-491c-ad1a-4d3f5acaf4c1,1""",Supporting the Socio-economic Development of Vulnerable Communities in Palestine Enhancing Areas With Christian Communities,,,Italian Agency for Development Cooperation,Palestine,Grant,2025-04-17T21:00:00Z,,,Supporting the Socio-economic Development of Vulnerable Communities in Palestine Enhancing Areas With Christian Communities,110,Item,2025-03-28T16:35:25Z,2025-03-28T16:35:25Z,21,21,1.0,False,,Supporting the Socio-economic Development of Vulnerable Communities in Palestine Enhancing Areas With Christian Communities,0,0,,,,,6,6,,,,,,,,
"""21199aeb-07f5-4bc8-80c3-21f0ac803bc7,10""",EIIP Beneficiaries Survey EIIP Phase V,No Go,,International Labour Organization (ILO),Lebanon,RFP,2025-04-09T21:00:00Z,Monitoring,Economic Impact Study,EIIP Beneficiaries Survey EIIP Phase V,111,Item,2025-04-09T08:57:29Z,2025-04-02T14:54:15Z,15,13,10.0,True,,EIIP Beneficiaries Survey EIIP Phase V,0,0,,,,,,,2025-03-25T21:00:00Z,2025-03-26T21:00:00Z,,The decision to submit has not been made yet.,,"{'Description': 'https://www.ilo.org/resource/vacancy-notice/rfq-eiip-002-2025-eiip-beneficiary-surveys', 'Url': 'https://www.ilo.org/resource/vacancy-notice/rfq-eiip-002-2025-eiip-beneficiary-surveys'}",,
"""6135fbf3-9549-47ad-a4b8-364e2b263f22,4""",EIIP Capacity Building Needs Assessment,Submitted,,International Labour Organization (ILO),Lebanon,RFP,2025-04-13T21:00:00Z,Research,"Employment, Needs assessment ",EIIP Capacity Building Needs Assessment,112,Item,2025-04-10T08:50:40Z,2025-04-02T15:01:57Z,15,13,4.0,True,,EIIP Capacity Building Needs Assessment,0,0,,,,,,,2025-03-25T21:00:00Z,2025-03-26T21:00:00Z,2025-04-09T21:00:00Z,,,"{'Description': 'https://www.ilo.org/resource/vacancy-notice/rfq-eiip-003-2025-capacity-building-needs-assessment', 'Url': 'https://www.ilo.org/resource/vacancy-notice/rfq-eiip-003-2025-capacity-building-needs-assessment'}",,
"""5ce42401-6e7f-419a-be6f-4af3d5a4863f,12""",UNICEF Request For Proposal no. 2025- 9196483 Development of a Real-Time Nutrition Data Collection and Digital Platforms Development for Humanitarian Contexts in the MENA Region,Submitted,,UNICEF,Multiple destinations,Request for proposal,2025-04-15T21:00:00Z,,,UNICEF Request For Proposal no. 2025- 9196483 Development of a Real-Time Nutrition Data Collection and Digital Platforms Development for Humanitarian Contexts in the MENA Region,113,Item,2025-05-16T04:53:32Z,2025-04-07T12:32:46Z,13,1073741822,12.0,False,,UNICEF Request For Proposal no. 2025- 9196483 Development of a Real-Time Nutrition Data Collection and Digital Platforms Development for Humanitarian Contexts in the MENA Region,0,0,,,,,6,25,2025-03-21T22:00:00Z,,2025-04-15T21:00:00Z,,,"{'Description': 'https://www.ungm.org/Public/Notice/262544', 'Url': 'https://www.ungm.org/Public/Notice/262544'}",True,
"""28c4a05f-237d-46f8-a1de-7ef16178a398,1""",Technical support for country capacity building on healthcare-associated infection surveillance in low and middle income countries (LMIC),,,WHO,Multiple destinations,Request for proposal,2025-04-13T21:00:00Z,,,Technical support for country capacity building on healthcare-associated infection surveillance in low and middle income countries (LMIC),114,Item,2025-04-07T12:33:09Z,2025-04-07T12:33:09Z,13,13,1.0,False,,Technical support for country capacity building on healthcare-associated infection surveillance in low and middle income countries (LMIC),0,0,,,,,6,6,2025-03-20T22:00:00Z,,,,,"{'Description': 'https://www.ungm.org/Public/Notice/262479', 'Url': 'https://www.ungm.org/Public/Notice/262479'}",,
"""edee3d16-5117-48c7-afaa-fe63761aca86,7""",LEBANON HEALTH RESILIENCE PROJECT,Submitted,Yara Issa,World Bank,Lebanon,Expression of interest,2025-04-26T21:00:00Z,Evaluation,Health ,LEBANON HEALTH RESILIENCE PROJECT,115,Item,2025-04-24T07:52:25Z,2025-04-11T07:11:30Z,13,13,7.0,True,,LEBANON HEALTH RESILIENCE PROJECT,0,0,,,,,,,2025-04-06T21:00:00Z,2025-04-09T21:00:00Z,2025-04-23T21:00:00Z,,Curatio International ,"{'Description': 'https://www.moph.gov.lb/en/Media/view/78453/request-for-expressions-of-interest-consulting-services-for-reaya-pilot-project-evaluation-', 'Url': 'https://www.moph.gov.lb/en/Media/view/78453/request-for-expressions-of-interest-consulting-services-for-reaya-pilot-project-evaluation-'}",,
"""cc07d585-b913-424c-9ee9-f67e121bcd9f,6""",Fostering a Culture of Care: Understanding and Addressing Violence in Schools in Lebanon,Submitted,Albert Saade,UNICEF ,lebanon,LTA,2025-05-01T21:00:00Z,Research ,Child Protection,Fostering a Culture of Care: Understanding and Addressing Violence in Schools in Lebanon,116,Item,2025-05-02T09:56:15Z,2025-04-11T07:41:41Z,13,13,6.0,True,,Fostering a Culture of Care: Understanding and Addressing Violence in Schools in Lebanon,0,0,,,,,,,2025-04-09T21:00:00Z,2025-04-09T21:00:00Z,2025-05-01T21:00:00Z,,,,,
"""126e2824-9b0a-4018-8575-0a7656d3f07d,8""",Children in Conflict: Lebanon Post-war Recovery and Reintegration Pathways ,Submitted,,Save the children,Lebanon,RFP,2025-04-27T21:00:00Z,Research ,Child Protection,Children in Conflict: Lebanon Post-war Recovery and Reintegration Pathways ,117,Item,2025-04-27T06:47:20Z,2025-04-14T11:44:10Z,13,13,7.0,True,,Children in Conflict: Lebanon Post-war Recovery and Reintegration Pathways ,0,0,,,,,,,2025-04-10T21:00:00Z,2025-04-13T21:00:00Z,2025-04-26T21:00:00Z,,,,,
"""0fe91566-35a4-4691-bf1d-1a46d699db11,8""",KFW Baseline Assessment,Submitted,Yara Issa,UNICEF,Lebanon,LTA,2025-04-27T21:00:00Z,TPM and Research,"WASH, Employment, Social Cohesion",KFW Baseline Assessment,118,Item,2025-04-25T07:59:44Z,2025-04-16T20:23:34Z,15,13,8.0,True,,KFW Baseline Assessment,0,0,,,,,,,2025-04-13T21:00:00Z,2025-04-13T21:00:00Z,2025-04-24T21:00:00Z,,,,,
"""c54083aa-bbdd-4f1f-b0ad-aa9c7cbcb05f,3""", Evaluation of UNICEF support to MEHE for the CP policy roll-out (2018-2024),Submitted,,UNICEF,Lebanon,LTA,2025-05-08T21:00:00Z,Evaluation,Education, Evaluation of UNICEF support to MEHE for the CP policy roll-out (2018-2024),119,Item,2025-05-09T08:01:26Z,2025-05-05T11:30:22Z,13,13,3.0,True,, Evaluation of UNICEF support to MEHE for the CP policy roll-out (2018-2024),0,0,,,,,,,2025-05-01T21:00:00Z,2025-05-01T21:00:00Z,2025-05-08T21:00:00Z,,,,,
"""8d5c413d-b19b-458f-b212-141d7e97968d,6""","Consultancy to conduct a needs assessment & outcome monitoring related to health, Cash and protection",Ongoing,,Norwegian Red Cross,Lebanon,Call for Consultancies,2025-05-21T21:00:00Z,Research,"Health, Human Rights & Protection","Consultancy to conduct a needs assessment & outcome monitoring related to health, Cash and protection",120,Item,2025-05-15T14:20:26Z,2025-05-15T14:20:20Z,15,15,6.0,True,,"Consultancy to conduct a needs assessment & outcome monitoring related to health, Cash and protection",0,0,,,,,,,2025-05-13T21:00:00Z,2025-05-13T21:00:00Z,,,,"{'Description': 'https://daleel-madani.org/civil-society-directory/norwegian-red-cross/calls/consultancy-conduct-needs-assessment-outcome-monitoring-related-health-cash-and-protection', 'Url': 'https://daleel-madani.org/civil-society-directory/norwegian-red-cross/calls/consultancy-conduct-needs-assessment-outcome-monitoring-related-health-cash-and-protection'}",False,False
